Books,Author,Price
Archer’S Voice,Mia Sheridan,EGP400.00
Bravely,Maggie Stiefvater,EGP465.00
Go the Distance,Jen Calonita,EGP420.00
"Conceal, Don’t Feel",Jen Calonita,EGP420.00
Click,Kayla Miller,EGP320.00
Camp,Kayla Miller,EGP320.00
Make Life Beautiful,Syd McGee,EGP605.00
I’ll Start Again Monday,Lysa TerKeurst,EGP360.00
Besties: Work It Out,Kayla Miller,EGP320.00
Clash,Kayla Miller,EGP320.00
Act,Kayla Miller,EGP320.00
Daughter of Smoke and Bone 3,Laini Taylor,EGP360.00
Daughter of Smoke and Bone 2,Laini Taylor,EGP360.00
Gallant,V.E. Schwab,EGP300.00
The Betrayal of Anne Frank,Rosemary Sullivan,EGP420.00
An Ugly Truth,Sheera Frenkel,EGP445.00
Serpent and Dove 3,Shelby Mahurin,EGP300.00
"Hook, Line, And Sinker",Tessa Bailey,EGP380.00
It Happened One Summer,Tessa Bailey,EGP380.00
Summer Beach 1,Sunny Hostin,EGP400.00
"The Lion, The Witch And The Wa",C S Lewis,EGP260.00
Single On Purpose,John Kim,EGP400.00
Everything Beautiful in Its,Jenna Bush Hager,EGP420.00
Good Company,Cynthia D'Aprix Sweeney,EGP400.00
Hot and Hammered 2,Tessa Bailey,EGP380.00
Fascism,Madeleine Korbel Albright,EGP420.00
Bone Grace 2,Kathryn Purdie,EGP280.00
Leave The World Behind,Rumaan Alam,EGP400.00
Charlotte Holmes Novel 3,Brittany Cavallaro,EGP280.00
Charlotte Holmes Novel 1,Brittany Cavallaro,EGP280.00
Vampire Diaries 3,L. J. Smith,EGP280.00
The Upside of Irrationality,Dan Ariely,EGP400.00
Machiavelli’s The Prince Begin,George Myerson,EGP59.00
Heal Your Living,Youheum Son,EGP460.00
Sailor Moon 3,Naoko Takeuchi,EGP280.00
Sailor Moon 2,Naoko Takeuchi,EGP280.00
Earth Alchemy Oracle,Katie-Jane Wright,EGP565.00
The Tarot of Light and Shadow,"John Matthews, Andrea Aste",EGP975.00
Dragon Path Oracle Cards,"Caroline Mitchell, Tiras Verey",EGP525.00
Fairy Tail: 100 Years Quest,Hiro Mashima,EGP280.00
Fairy Tail: 100 Years Quest 8,Hiro Mashima,EGP280.00
Fairy Tail: 100 Years Quest 7,Hiro Mashima,EGP280.00
The Seven Deadly Sins 41,Nakaba Suzuki,EGP280.00
The Seven Deadly Sins 40,Nakaba Suzuki,EGP280.00
The Seven Deadly Sins 39,Nakaba Suzuki,EGP280.00
The Anomaly,Hervé Le Tellier,EGP400.00
Fairy Tail: 100 Years Quest 5,Hiro Mashima,EGP280.00
Fairy Tail: 100 Years Quest 4,Hiro Mashima,EGP280.00
Fairy Tail: 100 Years Quest 3,Hiro Mashima,EGP280.00
The Seven Deadly Sins 38,Nakaba Suzuki,EGP280.00
The Seven Deadly Sins 37,Nakaba Suzuki,EGP280.00
Fairy Tail: 100 Years Quest 2,Hiro Mashima,EGP280.00
Fairy Tail: 100 Years Quest 1,Hiro Mashima,EGP280.00
The Seven Deadly Sins 36,Nakaba Suzuki,EGP280.00
The Seven Deadly Sins 35,Nakaba Suzuki,EGP280.00
The Seven Deadly Sins 34,Nakaba Suzuki,EGP280.00
Attack on Titan: Before the Fa,Hajime Isayama,EGP280.00
The Seven Deadly Sins 33,Nakaba Suzuki,EGP280.00
The Seven Deadly Sins 30,Nakaba Suzuki,EGP280.00
The Seven Deadly Sins 32,Nakaba Suzuki,EGP280.00
The Seven Deadly Sins 31,Nakaba Suzuki,EGP280.00
The Seven Deadly Sins 29,Nakaba Suzuki,EGP280.00
The Seven Deadly Sins 28,Nakaba Suzuki,EGP280.00
Attack on Titan: Before the Fa,Hajime Isayama,EGP280.00
The Seven Deadly Sins 27,Nakaba Suzuki,EGP280.00
Attack on Titan: Before the Fa,Hajime Isayama,EGP280.00
The Seven Deadly Sins 26,Nakaba Suzuki,EGP280.00
The Seven Deadly Sins 25,Nakaba Suzuki,EGP280.00
The Seven Deadly Sins 24,Nakaba Suzuki,EGP280.00
The Seven Deadly Sins 23,Nakaba Suzuki,EGP280.00
The Seven Deadly Sins 21,Nakaba Suzuki,EGP280.00
Attack on Titan: Lost Girls Th,Hajime Isayama,EGP280.00
Attack on Titan: Before the Fa,Hajime Isayama,EGP280.00
Attack on Titan: Before the Fa,Hajime Isayama,EGP280.00
Attack on Titan: Before the Fa,Hajime Isayama,EGP280.00
The Seven Deadly Sins 20,Nakaba Suzuki,EGP280.00
Attack on Titan: Before the Fa,Hajime Isayama,EGP280.00
The Seven Deadly Sins 17,Nakaba Suzuki,EGP280.00
The Seven Deadly Sins 16,Nakaba Suzuki,EGP280.00
The Seven Deadly Sins 15,Nakaba Suzuki,EGP280.00
Attack on Titan: Before the Fa,Hajime Isayama,EGP280.00
Attack on Titan: Before the Fa,Hajime Isayama,EGP280.00
Attack on Titan: Before the Fa,Hajime Isayama,EGP280.00
The Seven Deadly Sins 14,Nakaba Suzuki,EGP280.00
The Seven Deadly Sins 13,Nakaba Suzuki,EGP280.00
The Seven Deadly Sins 12,Nakaba Suzuki,EGP280.00
The Seven Deadly Sins 11,Nakaba Suzuki,EGP280.00
Log Off,Sammy Nickalls,EGP360.00
Berserk 37,Kentaro Miura,EGP360.00
Attack on Titan: Before the Fa,Hajime Isayama,EGP280.00
